"ContactID","FullName","Email","Phone","Gender","AgeGroup","Occupation","City","Region","State","Tier","Demography","PurchaseID","ProductName","PurchaseCategory","PurchaseDate","PurchaseAmount","PaymentMethod","FestivalSeason","PreferenceID","PreferredChannel","PreferredLanguage","ContactFrequency","SentimentPreference","InteractionID","CampaignName","InteractionType","InteractionDate","InteractionOutcome","FeedbackID","Rating","FeedbackDate","Comment","Sentiment","CulturalPreferenceID","PreferredFestival","FestivalBuyingPattern","LocalEvent","SegmentID","SegmentName","CreatedDate","FilterCriteria","ListOfContacts"
"C0002","Divya Purohit","user2@example.com","+91-7862224816","Male","36-45","Plumber","Kota","West","Tamil Nadu","Tier 2","Semi-Urban","P0002","Tablet","Food","2024-10-08","89697","Debit Card","Yes","PREF0002","WhatsApp","Telugu","Weekly","Positive","I0002","Republic Day Sale","Store Visit","2024-05-03","Pending","F0002","4","2023-11-14","Need improvement","Neutral","CP0002","Diwali","Low","Yes","S0002","Premium","2024-10-26","Age","List_3"
"C0016","Bharat Chavan","user16@example.com","+91-9977292064","Female","36-45","Sales Executive","Loni","West","Tamil Nadu","Tier 1","Rural","P0016","Headphones","Fashion","2024-08-16","89648","Cash on Delivery","No","PREF0016","WhatsApp","English","Daily","Neutral","I0016","Festival Offers","Email","2023-06-25","Successful","F0016","3","2024-07-09","Good experience","Negative","CP0016","Christmas","Medium","Yes","S0016","Regular","2024-10-26","Behavior","List_2"
"C0021","Priya Patel","user21@example.com","+91-8969652906","Female","36-45","Doctor","Bareilly","South","Karnataka","Tier 3","Rural","P0021","Camera","Beauty","2023-12-11","17940","Credit Card","Yes","PREF0021","WhatsApp","English","Daily","Positive","I0021","Republic Day Sale","Store Visit","2024-05-15","Successful","F0021","5","2024-04-09","Need improvement","Neutral","CP0021","Pongal","Medium","Yes","S0021","Regular","2024-10-26","Age","List_4"
"C0023","Rohit Arvind","user23@example.com","+91-7984306576","Female","36-45","Fashion Designer","Dhule","West","Gujarat","Tier 1","Rural","P0023","Laptop","Beauty","2024-10-08","99408","UPI","No","PREF0023","SMS","English","Daily","Positive","I0023","New Year Bonanza","Store Visit","2023-10-30","Pending","F0023","2","2023-07-28","Need improvement","Neutral","CP0023","Diwali","Medium","No","S0023","Regular","2024-10-26","Location","List_3"
"C0029","Vijay Bhatia","user29@example.com","+91-7727573694","Female","36-45","Social Worker","Warangal","West","West Bengal","Tier 3","Rural","P0029","Headphones","Books","2024-06-11","17682","UPI","No","PREF0029","Phone","Marathi","Quarterly","Positive","I0029","Festival Offers","Chat","2023-08-06","Failed","F0029","3","2023-09-07","Need improvement","Positive","CP0029","Christmas","Low","No","S0029","Budget","2024-10-26","Age","List_3"
"C0033","Rekha Rao","user33@example.com","+91-8364500580","Male","36-45","Police Officer","Amritsar","East","Telangana","Tier 2","Urban","P0033","Headphones","Home & Living","2023-07-01","65210","Credit Card","Yes","PREF0033","Email","Bengali","Weekly","Positive","I0033","Republic Day Sale","Chat","2024-08-13","Successful","F0033","3","2024-05-30","Need improvement","Neutral","CP0033","Eid","Low","Yes","S0033","Budget","2024-10-26","Interest","List_4"
"C0036","Anuj Shroff","user36@example.com","+91-9364236948","Female","36-45","Teacher","Belgaum","North","Telangana","Tier 3","Urban","P0036","Speaker","Food","2024-04-18","72918","Cash on Delivery","Yes","PREF0036","Email","Marathi","Weekly","Positive","I0036","Diwali Special","Store Visit","2023-04-18","Failed","F0036","1","2023-11-23","Good experience","Positive","CP0036","Holi","High","No","S0036","Budget","2024-10-26","Location","List_2"
"C0043","Manish Tiwari","user43@example.com","+91-7732778149","Male","36-45","Financial Analyst","Agartala","East","Karnataka","Tier 2","Urban","P0043","Speaker","Electronics","2024-04-28","27613","Debit Card","Yes","PREF0043","Email","English","Weekly","Positive","I0043","Summer Sale","Chat","2024-12-02","Successful","F0043","1","2023-06-28","Good experience","Neutral","CP0043","Durga Puja","Low","Yes","S0043","Regular","2024-10-26","Location","List_1"
"C0048","Vivek Rawat","user48@example.com","+91-8298890030","Male","36-45","Software Engineer","Bhagalpur","North","Karnataka","Tier 1","Urban","P0048","Smart Watch","Books","2023-01-30","42916","UPI","No","PREF0048","Phone","Marathi","Weekly","Neutral","I0048","Festival Offers","Store Visit","2024-01-13","Failed","F0048","2","2024-04-28","Good experience","Negative","CP0048","Onam","High","No","S0048","Premium","2024-10-26","Behavior","List_2"
"C0053","Jayant Nag","user53@example.com","+91-8432239665","Female","36-45","Psychologist","Meerut","East","Tamil Nadu","Tier 3","Semi-Urban","P0053","Laptop","Books","2024-07-30","33275","UPI","Yes","PREF0053","Email","Gujarati","Quarterly","Positive","I0053","Festival Offers","Email","2024-08-18","Successful","F0053","1","2024-07-31","Good experience","Neutral","CP0053","Pongal","Medium","No","S0053","Regular","2024-10-26","Interest","List_4"
"C0055","Sanjay Verma","user55@example.com","+91-8084789647","Female","36-45","Plumber","Durgapur","North","Maharashtra","Tier 2","Urban","P0055","Smart Watch","Food","2023-08-25","2105","Credit Card","Yes","PREF0055","Phone","Hindi","Monthly","Negative","I0055","New Year Bonanza","Call","2024-01-01","Pending","F0055","1","2024-01-11","Good experience","Negative","CP0055","Christmas","Low","Yes","S0055","Regular","2024-10-26","Age","List_4"
"C0059","Anil Mishra","user59@example.com","+91-7793749902","Male","36-45","Chemist","Siliguri","South","Tamil Nadu","Tier 1","Semi-Urban","P0059","Laptop","Home & Living","2024-11-16","43487","Credit Card","No","PREF0059","SMS","English","Weekly","Negative","I0059","Summer Sale","Store Visit","2024-10-16","Successful","F0059","2","2023-01-06","Good experience","Neutral","CP0059","Pongal","Medium","No","S0059","Budget","2024-10-26","Interest","List_2"
"C0060","Deepa Singh","user60@example.com","+91-9925772555","Male","36-45","Graphic Designer","Indore","East","Delhi","Tier 1","Urban","P0060","Laptop","Food","2024-09-24","19051","Credit Card","Yes","PREF0060","Phone","Hindi","Daily","Negative","I0060","New Year Bonanza","Call","2023-05-28","Pending","F0060","3","2023-09-28","Good experience","Negative","CP0060","Pongal","Medium","Yes","S0060","Budget","2024-10-26","Interest","List_2"
"C0068","Priya Patel","user68@example.com","+91-9340876519","Male","36-45","Pharmacist","Jodhpur","West","Delhi","Tier 2","Rural","P0068","Smartphone","Food","2023-06-19","57866","Net Banking","Yes","PREF0068","WhatsApp","Tamil","Daily","Negative","I0068","Summer Sale","Chat","2023-03-29","Successful","F0068","3","2023-05-09","Good experience","Positive","CP0068","Onam","Medium","Yes","S0068","Premium","2024-10-26","Age","List_4"
"C0070","Hemant Gaikwad","user70@example.com","+91-8506834389","Female","36-45","Automotive Technician","Solapur","South","Karnataka","Tier 1","Rural","P0070","Laptop","Sports","2023-08-05","32113","Debit Card","Yes","PREF0070","Phone","English","Monthly","Positive","I0070","Republic Day Sale","Call","2023-11-14","Failed","F0070","4","2023-03-12","Good experience","Negative","CP0070","Eid","High","No","S0070","Budget","2024-10-26","Behavior","List_3"
"C0071","Aarti Ramachandran","user71@example.com","+91-8617532542","Female","36-45","Electrician","Dhule","North","Tamil Nadu","Tier 1","Urban","P0071","Tablet","Books","2023-07-02","16401","Credit Card","Yes","PREF0071","WhatsApp","Hindi","Weekly","Neutral","I0071","Festival Offers","Email","2024-12-10","Successful","F0071","2","2023-09-03","Need improvement","Neutral","CP0071","Onam","Low","No","S0071","Regular","2024-10-26","Interest","List_5"
"C0075","Anita Desai","user75@example.com","+91-9284351738","Male","36-45","UX/UI Designer","Bhagalpur","North","Delhi","Tier 2","Rural","P0075","Tablet","Electronics","2024-06-27","35414","Cash on Delivery","No","PREF0075","WhatsApp","Marathi","Quarterly","Positive","I0075","New Year Bonanza","Store Visit","2024-01-10","Successful","F0075","4","2023-12-24","Need improvement","Negative","CP0075","Eid","High","Yes","S0075","Budget","2024-10-26","Interest","List_5"
"C0083","Deepa Singh","user83@example.com","+91-7773922048","Female","36-45","Customer Service Representative","Kurnool","West","Delhi","Tier 3","Urban","P0083","Camera","Home & Living","2023-09-29","28862","UPI","Yes","PREF0083","WhatsApp","Tamil","Weekly","Neutral","I0083","New Year Bonanza","Store Visit","2024-08-27","Successful","F0083","1","2024-01-20","Need improvement","Negative","CP0083","Holi","Medium","Yes","S0083","Regular","2024-10-26","Location","List_5"
"C0084","Priya Patel","user84@example.com","+91-9611339518","Male","36-45","Police Officer","Aurangabad","South","Tamil Nadu","Tier 3","Semi-Urban","P0084","Speaker","Electronics","2024-09-16","6190","Net Banking","No","PREF0084","Phone","Hindi","Quarterly","Negative","I0084","New Year Bonanza","Call","2023-04-10","Successful","F0084","2","2024-02-24","Good experience","Negative","CP0084","Holi","Low","Yes","S0084","Regular","2024-10-26","Interest","List_4"
"C0087","Aarav Kotwal","user87@example.com","+91-7904615108","Male","36-45","Astrologer","Jaipur","West","Karnataka","Tier 3","Urban","P0087","Tablet","Food","2023-04-28","53186","Credit Card","No","PREF0087","WhatsApp","Tamil","Monthly","Positive","I0087","Festival Offers","Email","2024-05-15","Pending","F0087","4","2023-06-07","Need improvement","Positive","CP0087","Durga Puja","High","No","S0087","Budget","2024-10-26","Location","List_1"
"C0101","Shyam Sethi","user101@example.com","+91-9972439209","Male","36-45","Interior Designer","Jaipur","East","Gujarat","Tier 2","Urban","P0101","Laptop","Sports","2023-04-25","51617","UPI","No","PREF0101","WhatsApp","English","Quarterly","Neutral","I0101","New Year Bonanza","Email","2024-11-26","Failed","F0101","5","2023-09-22","Need improvement","Negative","CP0101","Eid","Low","No","S0101","Premium","2024-10-26","Age","List_2"
"C0103","Ayesha Sheikh","user103@example.com","+91-7142876905","Female","36-45","Business Owner","Ahmedabad","North","Gujarat","Tier 1","Rural","P0103","Headphones","Food","2023-03-28","19595","Debit Card","Yes","PREF0103","WhatsApp","Bengali","Quarterly","Negative","I0103","New Year Bonanza","Call","2024-11-13","Successful","F0103","5","2024-11-02","Need improvement","Negative","CP0103","Christmas","High","Yes","S0103","Regular","2024-10-26","Behavior","List_5"
"C0105","Mukesh Aggarwal","user105@example.com","+91-9518256052","Male","36-45","Artist","Howrah","North","Telangana","Tier 3","Urban","P0105","Camera","Books","2023-02-13","61148","Credit Card","No","PREF0105","Email","Marathi","Weekly","Negative","I0105","Summer Sale","Chat","2024-08-08","Failed","F0105","4","2024-07-10","Need improvement","Positive","CP0105","Christmas","High","No","S0105","Budget","2024-10-26","Interest","List_4"
"C0109","Pradeep Rathore","user109@example.com","+91-8287614348","Male","36-45","Research Scientist","Kochi","North","Delhi","Tier 2","Rural","P0109","Tablet","Electronics","2024-11-29","43531","UPI","Yes","PREF0109","Phone","Hindi","Quarterly","Positive","I0109","Republic Day Sale","Store Visit","2023-01-25","Successful","F0109","3","2023-01-09","Good experience","Neutral","CP0109","Diwali","High","No","S0109","Premium","2024-10-26","Interest","List_2"
"C0112","Aarti Ramachandran","user112@example.com","+91-9326340122","Male","36-45","Chartered Accountant","Ludhiana","North","Telangana","Tier 2","Urban","P0112","Tablet","Home & Living","2023-09-04","64171","UPI","No","PREF0112","SMS","Telugu","Daily","Negative","I0112","Republic Day Sale","Store Visit","2023-04-05","Successful","F0112","1","2024-12-24","Need improvement","Neutral","CP0112","Onam","Medium","Yes","S0112","Budget","2024-10-26","Behavior","List_1"
"C0113","Manoj Arora","user113@example.com","+91-9214276315","Male","36-45","Bank Teller","Vasai-Virar","West","Telangana","Tier 1","Rural","P0113","Headphones","Beauty","2023-10-10","46771","UPI","No","PREF0113","SMS","Telugu","Daily","Positive","I0113","Diwali Special","Email","2023-05-11","Pending","F0113","4","2024-11-14","Good experience","Negative","CP0113","Pongal","High","Yes","S0113","Regular","2024-10-26","Location","List_4"
"C0116","Harish Bahl","user116@example.com","+91-8896640630","Female","36-45","Sales Executive","Gurgaon","East","Delhi","Tier 2","Semi-Urban","P0116","Tablet","Sports","2024-06-03","38289","Cash on Delivery","Yes","PREF0116","Phone","English","Daily","Positive","I0116","Republic Day Sale","Chat","2023-12-03","Pending","F0116","4","2024-03-06","Good experience","Positive","CP0116","Pongal","Low","No","S0116","Premium","2024-10-26","Interest","List_3"
"C0122","Bhavna Shetty","user122@example.com","+91-9148067116","Female","36-45","Psychologist","Nagpur","South","Karnataka","Tier 1","Rural","P0122","Smartphone","Beauty","2023-11-08","19385","Debit Card","No","PREF0122","SMS","Telugu","Monthly","Positive","I0122","Summer Sale","Chat","2023-11-22","Successful","F0122","4","2024-03-20","Need improvement","Negative","CP0122","Onam","Medium","No","S0122","Budget","2024-10-26","Interest","List_1"
"C0125","Mahesh Jadhav","user125@example.com","+91-9887525021","Female","36-45","Environmental Scientist","Gurgaon","East","Maharashtra","Tier 2","Rural","P0125","Speaker","Fashion","2023-01-20","90152","Credit Card","No","PREF0125","SMS","Tamil","Monthly","Positive","I0125","Summer Sale","Store Visit","2024-03-23","Pending","F0125","1","2023-12-29","Need improvement","Neutral","CP0125","Durga Puja","High","No","S0125","Budget","2024-10-26","Location","List_5"
"C0129","Rohit Arvind","user129@example.com","+91-9736532603","Male","36-45","Translator","Solapur","East","Maharashtra","Tier 2","Rural","P0129","Tablet","Home & Living","2023-06-21","23419","UPI","No","PREF0129","SMS","Gujarati","Quarterly","Neutral","I0129","Republic Day Sale","Chat","2023-09-23","Successful","F0129","1","2023-01-25","Good experience","Positive","CP0129","Holi","Medium","Yes","S0129","Regular","2024-10-26","Age","List_3"
"C0132","Shalini Das","user132@example.com","+91-9448079211","Male","36-45","Technical Writer","Chandigarh","South","Delhi","Tier 3","Urban","P0132","Smart Watch","Food","2024-01-20","95753","Net Banking","Yes","PREF0132","SMS","Telugu","Quarterly","Neutral","I0132","Summer Sale","Store Visit","2024-03-19","Pending","F0132","2","2023-09-08","Good experience","Negative","CP0132","Christmas","High","Yes","S0132","Regular","2024-10-26","Interest","List_5"
"C0142","Renuka Meher","user142@example.com","+91-7010896096","Male","36-45","Construction Worker","Lucknow","East","Gujarat","Tier 3","Rural","P0142","Smart Watch","Fashion","2023-08-24","47144","Credit Card","Yes","PREF0142","WhatsApp","Bengali","Monthly","Neutral","I0142","Summer Sale","Email","2024-06-09","Failed","F0142","1","2024-06-17","Good experience","Negative","CP0142","Pongal","Low","Yes","S0142","Premium","2024-10-26","Location","List_4"
"C0149","Meghna Thakur","user149@example.com","+91-8782738561","Female","36-45","Data Scientist","Indore","North","Karnataka","Tier 3","Semi-Urban","P0149","Smartphone","Fashion","2023-04-12","39383","UPI","Yes","PREF0149","SMS","Hindi","Daily","Negative","I0149","Diwali Special","Call","2024-08-01","Successful","F0149","5","2024-12-20","Good experience","Negative","CP0149","Diwali","Medium","Yes","S0149","Regular","2024-10-26","Behavior","List_1"
"C0150","Jatin Pillai","user150@example.com","+91-8023770606","Male","36-45","Public Relations Specialist","Gurgaon","West","Delhi","Tier 3","Rural","P0150","Smartphone","Beauty","2023-10-26","95826","Credit Card","Yes","PREF0150","Email","Hindi","Quarterly","Negative","I0150","Festival Offers","Chat","2023-10-10","Failed","F0150","5","2024-05-03","Need improvement","Positive","CP0150","Diwali","High","No","S0150","Regular","2024-10-26","Interest","List_5"
"C0163","Lavanya Misra","user163@example.com","+91-7939041932","Female","36-45","Police Officer","Solapur","North","West Bengal","Tier 2","Semi-Urban","P0163","Tablet","Food","2024-11-09","81391","Cash on Delivery","No","PREF0163","Email","English","Quarterly","Negative","I0163","Diwali Special","Store Visit","2024-12-28","Pending","F0163","1","2023-09-29","Good experience","Neutral","CP0163","Christmas","High","Yes","S0163","Regular","2024-10-26","Location","List_3"
"C0170","Snehal Kiran","user170@example.com","+91-7860251692","Female","36-45","Nutritionist","Aligarh","East","Telangana","Tier 1","Semi-Urban","P0170","Laptop","Books","2023-02-22","19320","Credit Card","No","PREF0170","Email","Tamil","Daily","Positive","I0170","New Year Bonanza","Store Visit","2024-04-13","Successful","F0170","3","2023-01-01","Good experience","Neutral","CP0170","Eid","Low","No","S0170","Budget","2024-10-26","Age","List_1"
"C0176","Manish Tiwari","user176@example.com","+91-9644588843","Female","36-45","Technical Writer","Navi Mumbai","South","Telangana","Tier 3","Urban","P0176","Headphones","Beauty","2024-04-28","94476","Debit Card","No","PREF0176","Email","Telugu","Quarterly","Negative","I0176","New Year Bonanza","Email","2024-11-02","Successful","F0176","1","2024-11-20","Good experience","Positive","CP0176","Onam","High","Yes","S0176","Regular","2024-10-26","Interest","List_1"
"C0177","Snehal Kiran","user177@example.com","+91-7995078629","Male","36-45","Nutritionist","Gwalior","East","Maharashtra","Tier 2","Semi-Urban","P0177","Smartphone","Sports","2024-11-29","4203","Credit Card","Yes","PREF0177","Phone","Tamil","Weekly","Positive","I0177","New Year Bonanza","Store Visit","2023-09-08","Failed","F0177","1","2023-12-30","Good experience","Positive","CP0177","Eid","Low","No","S0177","Premium","2024-10-26","Behavior","List_2"
"C0182","Santosh Pathak","user182@example.com","+91-7606336397","Male","36-45","Customs Officer","Meerut","West","Tamil Nadu","Tier 1","Semi-Urban","P0182","Smartphone","Fashion","2024-03-08","78186","Credit Card","No","PREF0182","Email","Tamil","Quarterly","Positive","I0182","Summer Sale","Store Visit","2024-06-18","Failed","F0182","3","2023-04-09","Good experience","Positive","CP0182","Holi","High","No","S0182","Regular","2024-10-26","Age","List_1"
"C0184","Sandeep Walia","user184@example.com","+91-9082345523","Female","36-45","Research Scientist","Moradabad","North","Delhi","Tier 1","Rural","P0184","Tablet","Electronics","2024-12-16","42941","Credit Card","No","PREF0184","Email","Telugu","Quarterly","Neutral","I0184","New Year Bonanza","Store Visit","2023-11-27","Failed","F0184","1","2023-09-21","Need improvement","Neutral","CP0184","Pongal","High","Yes","S0184","Premium","2024-10-26","Age","List_3"
"C0185","Divya Purohit","user185@example.com","+91-7799192271","Female","36-45","Electric Vehicle Technician","Warangal","West","West Bengal","Tier 2","Urban","P0185","Headphones","Food","2023-04-16","73918","Cash on Delivery","Yes","PREF0185","Phone","Gujarati","Daily","Positive","I0185","Republic Day Sale","Chat","2024-05-23","Failed","F0185","4","2024-10-30","Good experience","Neutral","CP0185","Eid","Low","Yes","S0185","Regular","2024-10-26","Age","List_1"
"C0193","Manish Tiwari","user193@example.com","+91-7558682238","Male","36-45","Software Developer","Ajmer","West","Maharashtra","Tier 3","Urban","P0193","Laptop","Fashion","2024-11-20","33449","Cash on Delivery","No","PREF0193","Phone","Tamil","Weekly","Negative","I0193","Festival Offers","Call","2023-01-27","Successful","F0193","2","2023-07-02","Good experience","Positive","CP0193","Pongal","Low","Yes","S0193","Regular","2024-10-26","Interest","List_3"
"C0198","Devika Sen","user198@example.com","+91-9860326287","Male","36-45","Economist","Durgapur","South","West Bengal","Tier 1","Rural","P0198","Camera","Home & Living","2023-07-30","31720","Cash on Delivery","Yes","PREF0198","Phone","Bengali","Weekly","Positive","I0198","Republic Day Sale","Email","2024-05-20","Pending","F0198","4","2023-01-14","Need improvement","Negative","CP0198","Durga Puja","Medium","Yes","S0198","Premium","2024-10-26","Age","List_3"
"C0202","Amrita Sen","user202@example.com","+91-9711087153","Female","36-45","Zoologist","Maheshtala","West","West Bengal","Tier 3","Rural","P0202","Smart Watch","Food","2023-03-21","88948","Cash on Delivery","No","PREF0202","Phone","Telugu","Daily","Negative","I0202","Festival Offers","Store Visit","2024-05-15","Successful","F0202","3","2023-10-08","Need improvement","Positive","CP0202","Christmas","Medium","Yes","S0202","Budget","2024-10-26","Location","List_5"
"C0203","Kunal Prasad","user203@example.com","+91-8740551065","Female","36-45","Environmental Scientist","Tirunelveli","West","Gujarat","Tier 2","Rural","P0203","Smartphone","Sports","2023-10-27","90614","Credit Card","No","PREF0203","WhatsApp","Marathi","Weekly","Negative","I0203","Festival Offers","Store Visit","2023-01-19","Failed","F0203","3","2023-02-03","Need improvement","Negative","CP0203","Holi","Medium","Yes","S0203","Premium","2024-10-26","Location","List_1"
"C0204","Rakesh Pandey","user204@example.com","+91-9757082034","Female","36-45","UX/UI Designer","Belgaum","South","West Bengal","Tier 1","Urban","P0204","Smartphone","Food","2024-06-30","89116","Credit Card","Yes","PREF0204","Email","Bengali","Monthly","Positive","I0204","Summer Sale","Email","2024-12-27","Successful","F0204","1","2023-06-29","Good experience","Positive","CP0204","Pongal","Low","Yes","S0204","Regular","2024-10-26","Behavior","List_3"
"C0211","Kunal Prasad","user211@example.com","+91-7248833418","Male","36-45","Retail Manager","Bhilai","East","Karnataka","Tier 1","Semi-Urban","P0211","Camera","Home & Living","2024-06-27","49506","Debit Card","No","PREF0211","Phone","Marathi","Monthly","Neutral","I0211","Diwali Special","Store Visit","2024-08-26","Failed","F0211","4","2023-11-25","Good experience","Neutral","CP0211","Onam","Low","No","S0211","Premium","2024-10-26","Location","List_5"
"C0213","Raghav Reddy","user213@example.com","+91-8152255476","Male","36-45","Nutritionist","Patiala","East","Maharashtra","Tier 3","Urban","P0213","Speaker","Electronics","2024-09-09","7772","Credit Card","No","PREF0213","Email","Hindi","Quarterly","Neutral","I0213","Festival Offers","Call","2024-04-02","Successful","F0213","1","2023-07-26","Need improvement","Neutral","CP0213","Durga Puja","Low","Yes","S0213","Budget","2024-10-26","Interest","List_4"
"C0216","Umesh Kohli","user216@example.com","+91-8892345532","Male","36-45","Project Manager","Davanagere","West","Telangana","Tier 3","Urban","P0216","Speaker","Electronics","2023-04-23","11131","Cash on Delivery","Yes","PREF0216","Phone","Telugu","Weekly","Positive","I0216","Republic Day Sale","Email","2024-10-10","Pending","F0216","4","2024-05-05","Need improvement","Positive","CP0216","Eid","Medium","No","S0216","Premium","2024-10-26","Interest","List_3"
"C0217","Ankit Mehra","user217@example.com","+91-7791840348","Female","36-45","Stock Broker","Vasai-Virar","West","Karnataka","Tier 3","Rural","P0217","Headphones","Books","2023-11-15","67324","Debit Card","No","PREF0217","SMS","Gujarati","Quarterly","Neutral","I0217","Festival Offers","Email","2024-12-12","Pending","F0217","5","2024-08-23","Need improvement","Negative","CP0217","Eid","High","Yes","S0217","Budget","2024-10-26","Interest","List_4"
"C0223","Rahul Sharma","user223@example.com","+91-7220543286","Female","36-45","Entrepreneur","Chennai","South","West Bengal","Tier 3","Urban","P0223","Smartphone","Food","2024-12-01","88193","Debit Card","Yes","PREF0223","WhatsApp","Bengali","Monthly","Negative","I0223","New Year Bonanza","Chat","2024-12-05","Pending","F0223","3","2023-01-31","Need improvement","Negative","CP0223","Holi","Medium","No","S0223","Budget","2024-10-26","Location","List_3"
"C0229","Renuka Meher","user229@example.com","+91-7238193451","Female","36-45","Plumber","Udaipur","South","Tamil Nadu","Tier 3","Rural","P0229","Headphones","Home & Living","2023-12-01","8612","Credit Card","No","PREF0229","WhatsApp","Tamil","Quarterly","Positive","I0229","Diwali Special","Chat","2024-10-15","Pending","F0229","1","2024-12-12","Good experience","Neutral","CP0229","Onam","High","No","S0229","Regular","2024-10-26","Behavior","List_1"
"C0235","Geeta Mahajan","user235@example.com","+91-7252946786","Male","36-45","Chartered Accountant","Vasai-Virar","South","Delhi","Tier 2","Semi-Urban","P0235","Smartphone","Food","2024-04-30","14934","Debit Card","Yes","PREF0235","Email","Gujarati","Weekly","Neutral","I0235","Summer Sale","Email","2024-09-13","Failed","F0235","1","2023-06-26","Need improvement","Neutral","CP0235","Pongal","Low","Yes","S0235","Premium","2024-10-26","Interest","List_3"
"C0238","Aarav Kotwal","user238@example.com","+91-9067403824","Female","36-45","Chemist","Bhopal","North","Delhi","Tier 1","Rural","P0238","Smartphone","Fashion","2023-09-05","19706","Credit Card","Yes","PREF0238","WhatsApp","English","Weekly","Negative","I0238","Diwali Special","Call","2024-12-18","Failed","F0238","4","2024-09-27","Need improvement","Neutral","CP0238","Christmas","Low","No","S0238","Premium","2024-10-26","Behavior","List_5"
"C0244","Santosh Pathak","user244@example.com","+91-7571702461","Male","36-45","Handyman","Jalandhar","East","Maharashtra","Tier 2","Rural","P0244","Tablet","Electronics","2023-07-11","21431","UPI","No","PREF0244","SMS","Marathi","Monthly","Positive","I0244","Diwali Special","Store Visit","2024-01-25","Failed","F0244","1","2023-06-27","Need improvement","Negative","CP0244","Eid","High","Yes","S0244","Regular","2024-10-26","Location","List_1"
"C0257","Sandeep Walia","user257@example.com","+91-7481613800","Male","36-45","Civil Servant","Gaya","East","Gujarat","Tier 3","Urban","P0257","Headphones","Fashion","2024-01-03","41931","Debit Card","Yes","PREF0257","SMS","Telugu","Daily","Negative","I0257","Summer Sale","Chat","2023-07-15","Failed","F0257","3","2024-05-14","Good experience","Negative","CP0257","Diwali","Low","No","S0257","Regular","2024-10-26","Age","List_3"
"C0263","Sandeep Walia","user263@example.com","+91-8674305826","Male","36-45","Travel Agent","Solapur","North","Telangana","Tier 2","Urban","P0263","Laptop","Fashion","2023-10-06","35959","Credit Card","Yes","PREF0263","WhatsApp","Telugu","Weekly","Neutral","I0263","New Year Bonanza","Store Visit","2024-02-24","Pending","F0263","5","2024-08-24","Need improvement","Neutral","CP0263","Pongal","High","No","S0263","Regular","2024-10-26","Age","List_3"
"C0269","Jayant Nag","user269@example.com","+91-7087522457","Male","36-45","Biologist","Jalandhar","East","West Bengal","Tier 3","Rural","P0269","Speaker","Books","2023-12-26","27708","Debit Card","No","PREF0269","WhatsApp","Hindi","Weekly","Positive","I0269","Republic Day Sale","Email","2023-08-02","Pending","F0269","2","2023-11-21","Need improvement","Positive","CP0269","Durga Puja","High","Yes","S0269","Budget","2024-10-26","Interest","List_5"
"C0270","Santosh Pathak","user270@example.com","+91-9756967930","Male","36-45","Agricultural Worker","Solapur","West","Maharashtra","Tier 3","Urban","P0270","Speaker","Electronics","2023-06-16","19847","Net Banking","No","PREF0270","Email","Telugu","Quarterly","Negative","I0270","New Year Bonanza","Email","2023-11-13","Pending","F0270","5","2023-07-30","Good experience","Positive","CP0270","Diwali","Low","Yes","S0270","Regular","2024-10-26","Age","List_1"
"C0299","Pradeep Rathore","user299@example.com","+91-9743043718","Male","36-45","Architect","Gorakhpur","West","Delhi","Tier 3","Rural","P0299","Smart Watch","Electronics","2023-06-19","15274","UPI","Yes","PREF0299","SMS","Gujarati","Monthly","Positive","I0299","Festival Offers","Call","2024-05-04","Successful","F0299","4","2024-11-17","Need improvement","Negative","CP0299","Onam","Medium","No","S0299","Regular","2024-10-26","Behavior","List_5"
"C0301","Amit Kumar","user301@example.com","+91-7495893888","Female","36-45","Mechanical Technician","Akola","East","West Bengal","Tier 3","Urban","P0301","Smart Watch","Books","2023-03-18","97494","Credit Card","Yes","PREF0301","SMS","Tamil","Monthly","Negative","I0301","New Year Bonanza","Call","2023-08-31","Failed","F0301","4","2024-05-06","Need improvement","Negative","CP0301","Holi","High","Yes","S0301","Premium","2024-10-26","Interest","List_1"
"C0302","Ashok Chawla","user302@example.com","+91-9808012613","Female","36-45","Marketing Manager","Asansol","South","Delhi","Tier 3","Semi-Urban","P0302","Smart Watch","Beauty","2024-06-25","36233","UPI","Yes","PREF0302","Phone","Tamil","Monthly","Negative","I0302","New Year Bonanza","Call","2024-10-09","Pending","F0302","4","2023-06-29","Need improvement","Positive","CP0302","Christmas","Low","No","S0302","Regular","2024-10-26","Interest","List_3"
"C0311","Mahesh Jadhav","user311@example.com","+91-7266766215","Female","36-45","Civil Engineer","Ahmedabad","East","Maharashtra","Tier 1","Rural","P0311","Smart Watch","Home & Living","2023-07-06","45990","Cash on Delivery","No","PREF0311","Email","Tamil","Weekly","Negative","I0311","New Year Bonanza","Call","2023-08-04","Successful","F0311","5","2024-07-06","Good experience","Negative","CP0311","Durga Puja","High","Yes","S0311","Budget","2024-10-26","Interest","List_3"
"C0312","Divya Purohit","user312@example.com","+91-7700408802","Male","36-45","HR Manager","Kota","West","Telangana","Tier 1","Semi-Urban","P0312","Smart Watch","Electronics","2023-12-26","74746","Debit Card","No","PREF0312","WhatsApp","Telugu","Daily","Positive","I0312","Festival Offers","Call","2023-02-17","Pending","F0312","5","2024-09-12","Need improvement","Neutral","CP0312","Diwali","Low","No","S0312","Premium","2024-10-26","Behavior","List_1"
"C0317","Asha Joshi","user317@example.com","+91-7673529374","Female","36-45","Accountant","Jamnagar","West","Gujarat","Tier 2","Rural","P0317","Camera","Home & Living","2024-02-08","41958","Net Banking","Yes","PREF0317","SMS","Hindi","Daily","Neutral","I0317","Republic Day Sale","Call","2024-03-14","Pending","F0317","2","2024-12-10","Good experience","Positive","CP0317","Pongal","Low","Yes","S0317","Budget","2024-10-26","Interest","List_1"
"C0321","Hemant Gaikwad","user321@example.com","+91-9173050067","Female","36-45","NGO Worker","Mysore","North","Karnataka","Tier 2","Rural","P0321","Smart Watch","Books","2024-04-22","72309","Debit Card","No","PREF0321","WhatsApp","Tamil","Weekly","Neutral","I0321","Republic Day Sale","Chat","2024-03-12","Failed","F0321","5","2023-04-08","Good experience","Neutral","CP0321","Diwali","High","Yes","S0321","Regular","2024-10-26","Age","List_5"
"C0328","Anand Swamy","user328@example.com","+91-7563948146","Male","36-45","Lawyer","Thane","East","Tamil Nadu","Tier 2","Rural","P0328","Tablet","Beauty","2024-12-19","89031","Debit Card","No","PREF0328","SMS","English","Monthly","Positive","I0328","Festival Offers","Store Visit","2023-03-09","Successful","F0328","1","2023-07-29","Good experience","Positive","CP0328","Durga Puja","Low","No","S0328","Regular","2024-10-26","Location","List_5"
"C0330","Sanjay Verma","user330@example.com","+91-9892682009","Male","36-45","Teacher","Kozhikode","South","Karnataka","Tier 1","Urban","P0330","Smart Watch","Electronics","2023-12-05","10491","Debit Card","Yes","PREF0330","Phone","Bengali","Daily","Neutral","I0330","Festival Offers","Chat","2024-08-14","Failed","F0330","5","2023-10-25","Good experience","Negative","CP0330","Eid","Medium","Yes","S0330","Budget","2024-10-26","Location","List_2"
"C0335","Sandeep Walia","user335@example.com","+91-7815649255","Female","36-45","Software Engineer","Mangalore","East","Maharashtra","Tier 3","Semi-Urban","P0335","Headphones","Sports","2024-02-07","52883","Cash on Delivery","No","PREF0335","Phone","Tamil","Weekly","Negative","I0335","Diwali Special","Store Visit","2024-02-09","Failed","F0335","5","2024-09-10","Good experience","Neutral","CP0335","Diwali","High","No","S0335","Regular","2024-10-26","Location","List_2"
"C0339","Sneha Kapoor","user339@example.com","+91-7034294971","Male","36-45","Business Owner","Rajahmundry","West","Maharashtra","Tier 3","Semi-Urban","P0339","Speaker","Sports","2023-08-22","10967","Credit Card","No","PREF0339","SMS","Tamil","Quarterly","Positive","I0339","Summer Sale","Chat","2024-02-07","Successful","F0339","2","2023-07-07","Good experience","Positive","CP0339","Holi","High","No","S0339","Budget","2024-10-26","Behavior","List_1"
"C0342","Devika Sen","user342@example.com","+91-9166592224","Female","36-45","Project Manager","Vadodara","South","West Bengal","Tier 3","Semi-Urban","P0342","Laptop","Home & Living","2023-04-15","75163","Cash on Delivery","Yes","PREF0342","Email","Bengali","Quarterly","Negative","I0342","Summer Sale","Call","2024-06-17","Failed","F0342","3","2024-06-07","Need improvement","Positive","CP0342","Eid","High","Yes","S0342","Regular","2024-10-26","Location","List_4"
"C0343","Vikram Mehta","user343@example.com","+91-9721439659","Female","36-45","Accountant","Tirunelveli","South","Telangana","Tier 1","Rural","P0343","Headphones","Electronics","2023-02-10","5947","Credit Card","Yes","PREF0343","Email","Bengali","Daily","Positive","I0343","Summer Sale","Store Visit","2023-02-06","Successful","F0343","2","2024-02-05","Good experience","Positive","CP0343","Pongal","Medium","Yes","S0343","Budget","2024-10-26","Age","List_1"
"C0346","Sunita Kulkarni","user346@example.com","+91-7638975153","Female","36-45","Real Estate Agent","Loni","North","West Bengal","Tier 3","Urban","P0346","Headphones","Books","2024-10-06","89714","Cash on Delivery","Yes","PREF0346","Phone","Gujarati","Quarterly","Neutral","I0346","Summer Sale","Email","2024-03-10","Pending","F0346","4","2023-09-20","Need improvement","Negative","CP0346","Pongal","Medium","Yes","S0346","Budget","2024-10-26","Interest","List_5"
"C0347","Shyam Sethi","user347@example.com","+91-9535038726","Female","36-45","Nurse","Rajkot","East","Gujarat","Tier 2","Urban","P0347","Tablet","Electronics","2024-03-01","29876","Net Banking","No","PREF0347","SMS","Hindi","Weekly","Negative","I0347","Republic Day Sale","Store Visit","2023-11-06","Failed","F0347","2","2024-01-22","Good experience","Negative","CP0347","Diwali","Medium","Yes","S0347","Premium","2024-10-26","Behavior","List_5"
"C0365","Lavanya Misra","user365@example.com","+91-8123154847","Female","36-45","Customer Service Representative","Malegaon","East","Gujarat","Tier 3","Rural","P0365","Tablet","Books","2024-03-24","36393","Debit Card","Yes","PREF0365","WhatsApp","Hindi","Weekly","Negative","I0365","Summer Sale","Store Visit","2023-06-08","Pending","F0365","2","2024-05-08","Need improvement","Positive","CP0365","Onam","High","Yes","S0365","Regular","2024-10-26","Age","List_1"
"C0376","Kamala Nair","user376@example.com","+91-9732029753","Female","36-45","Construction Worker","Muzaffarnagar","East","Maharashtra","Tier 3","Rural","P0376","Tablet","Books","2023-08-04","51621","Cash on Delivery","Yes","PREF0376","Email","Tamil","Quarterly","Neutral","I0376","Summer Sale","Store Visit","2024-05-19","Successful","F0376","3","2024-02-08","Good experience","Positive","CP0376","Eid","Low","Yes","S0376","Budget","2024-10-26","Behavior","List_2"
"C0377","Shikha Gera","user377@example.com","+91-8765212409","Female","36-45","Zoologist","Korba","West","Karnataka","Tier 3","Urban","P0377","Tablet","Home & Living","2023-11-16","11892","Cash on Delivery","Yes","PREF0377","WhatsApp","Tamil","Weekly","Neutral","I0377","Diwali Special","Store Visit","2024-08-08","Successful","F0377","2","2023-05-10","Good experience","Negative","CP0377","Durga Puja","High","No","S0377","Budget","2024-10-26","Behavior","List_5"
"C0381","Kiran Joshi","user381@example.com","+91-9256979800","Male","36-45","Plumber","Kota","East","Delhi","Tier 3","Urban","P0381","Speaker","Beauty","2023-11-14","46679","Cash on Delivery","Yes","PREF0381","Phone","Hindi","Quarterly","Positive","I0381","Summer Sale","Call","2023-05-10","Failed","F0381","3","2023-11-24","Need improvement","Neutral","CP0381","Eid","High","No","S0381","Budget","2024-10-26","Behavior","List_5"
"C0386","Sanjay Verma","user386@example.com","+91-7797244116","Male","36-45","Mechanical Technician","Rajahmundry","North","Gujarat","Tier 1","Urban","P0386","Tablet","Food","2023-09-11","71658","Credit Card","No","PREF0386","SMS","Hindi","Daily","Negative","I0386","Diwali Special","Store Visit","2024-10-11","Successful","F0386","2","2024-11-16","Good experience","Neutral","CP0386","Durga Puja","Medium","Yes","S0386","Regular","2024-10-26","Interest","List_2"
"C0402","Sarita Tomar","user402@example.com","+91-9692835116","Male","36-45","Fitness Trainer","Kalyan","East","Gujarat","Tier 2","Urban","P0402","Tablet","Fashion","2024-08-02","36645","Cash on Delivery","Yes","PREF0402","Email","Tamil","Quarterly","Neutral","I0402","Republic Day Sale","Chat","2024-04-04","Pending","F0402","5","2024-10-15","Need improvement","Negative","CP0402","Onam","High","No","S0402","Budget","2024-10-26","Behavior","List_4"
"C0407","Vijay Bhatia","user407@example.com","+91-7938520391","Female","36-45","Travel Agent","Guwahati","West","Delhi","Tier 1","Urban","P0407","Smart Watch","Sports","2023-08-28","34513","Cash on Delivery","Yes","PREF0407","Phone","Marathi","Weekly","Negative","I0407","Summer Sale","Email","2023-11-08","Pending","F0407","2","2023-09-27","Need improvement","Neutral","CP0407","Diwali","High","Yes","S0407","Premium","2024-10-26","Behavior","List_5"
"C0414","Tulsi Khurana","user414@example.com","+91-8313186682","Female","36-45","Electrician","Bharatpur","West","Gujarat","Tier 2","Rural","P0414","Speaker","Fashion","2023-05-30","63709","Debit Card","Yes","PREF0414","WhatsApp","Telugu","Monthly","Neutral","I0414","Festival Offers","Call","2023-08-06","Successful","F0414","4","2023-05-28","Good experience","Neutral","CP0414","Durga Puja","Medium","No","S0414","Regular","2024-10-26","Interest","List_3"
"C0416","Shyam Sethi","user416@example.com","+91-9601243746","Male","36-45","Music Teacher","Dhanbad","South","Delhi","Tier 3","Semi-Urban","P0416","Smartphone","Food","2023-04-11","51762","Cash on Delivery","No","PREF0416","WhatsApp","English","Quarterly","Negative","I0416","Diwali Special","Email","2024-06-26","Failed","F0416","3","2024-04-13","Good experience","Neutral","CP0416","Pongal","High","Yes","S0416","Premium","2024-10-26","Location","List_5"
"C0425","Ramesh Naik","user425@example.com","+91-7204250540","Female","36-45","Translator","Allahabad","West","Karnataka","Tier 3","Urban","P0425","Tablet","Electronics","2023-02-11","73723","Credit Card","No","PREF0425","Email","Gujarati","Weekly","Positive","I0425","Festival Offers","Email","2023-10-09","Pending","F0425","3","2023-11-15","Need improvement","Positive","CP0425","Durga Puja","High","No","S0425","Premium","2024-10-26","Behavior","List_3"
"C0432","Komal Jain","user432@example.com","+91-9790039665","Female","36-45","Content Writer","Bhopal","West","Tamil Nadu","Tier 3","Rural","P0432","Headphones","Beauty","2024-11-26","20510","Net Banking","Yes","PREF0432","Phone","Hindi","Quarterly","Positive","I0432","Diwali Special","Store Visit","2023-05-04","Pending","F0432","1","2023-09-26","Good experience","Negative","CP0432","Diwali","Medium","Yes","S0432","Premium","2024-10-26","Age","List_4"
"C0442","Gopal Nadkarni","user442@example.com","+91-7161520071","Female","36-45","Agricultural Worker","Korba","East","Tamil Nadu","Tier 3","Urban","P0442","Smartphone","Home & Living","2024-02-22","22605","Cash on Delivery","No","PREF0442","Email","Gujarati","Monthly","Negative","I0442","Summer Sale","Store Visit","2024-12-15","Successful","F0442","1","2023-02-05","Good experience","Neutral","CP0442","Onam","High","Yes","S0442","Regular","2024-10-26","Behavior","List_2"
"C0453","Sumit Kapoor","user453@example.com","+91-9116498308","Female","36-45","Pharmacist","Patiala","East","Karnataka","Tier 1","Semi-Urban","P0453","Smart Watch","Food","2023-09-07","50882","UPI","No","PREF0453","SMS","Hindi","Quarterly","Positive","I0453","Summer Sale","Store Visit","2023-04-02","Failed","F0453","1","2024-05-24","Good experience","Neutral","CP0453","Onam","Low","No","S0453","Regular","2024-10-26","Age","List_2"
"C0456","Komal Jain","user456@example.com","+91-9170260146","Male","36-45","Lab Technician","Bhopal","South","West Bengal","Tier 1","Semi-Urban","P0456","Speaker","Beauty","2023-04-07","35416","Net Banking","Yes","PREF0456","WhatsApp","Bengali","Monthly","Negative","I0456","Festival Offers","Store Visit","2024-11-23","Pending","F0456","2","2023-10-22","Good experience","Negative","CP0456","Eid","Medium","Yes","S0456","Regular","2024-10-26","Interest","List_2"
"C0460","Amrita Sen","user460@example.com","+91-9478995284","Male","36-45","Entrepreneur","Jodhpur","North","Telangana","Tier 3","Rural","P0460","Camera","Food","2023-02-22","44356","Credit Card","No","PREF0460","Phone","Tamil","Quarterly","Neutral","I0460","Republic Day Sale","Store Visit","2023-05-11","Successful","F0460","1","2024-03-20","Need improvement","Negative","CP0460","Diwali","High","No","S0460","Budget","2024-10-26","Age","List_1"
"C0466","Snehal Kiran","user466@example.com","+91-8401015052","Male","36-45","Speech Therapist","Tiruchirappalli","West","Maharashtra","Tier 1","Urban","P0466","Laptop","Home & Living","2023-01-19","86149","UPI","Yes","PREF0466","SMS","Gujarati","Daily","Positive","I0466","Festival Offers","Store Visit","2023-01-16","Pending","F0466","2","2024-02-29","Need improvement","Negative","CP0466","Durga Puja","Low","No","S0466","Regular","2024-10-26","Age","List_4"
"C0467","Lakshmi Menon","user467@example.com","+91-8501673838","Female","36-45","Makeup Artist","Ludhiana","East","Delhi","Tier 2","Semi-Urban","P0467","Laptop","Electronics","2023-06-16","45563","Net Banking","No","PREF0467","SMS","Hindi","Daily","Neutral","I0467","New Year Bonanza","Chat","2023-07-13","Pending","F0467","4","2023-03-10","Good experience","Positive","CP0467","Onam","Medium","No","S0467","Budget","2024-10-26","Location","List_2"
"C0473","Nandini Shukla","user473@example.com","+91-9965321905","Female","36-45","Agricultural Worker","Muzaffarpur","South","Telangana","Tier 1","Semi-Urban","P0473","Smart Watch","Beauty","2024-05-04","93438","Debit Card","No","PREF0473","WhatsApp","Bengali","Daily","Negative","I0473","Festival Offers","Chat","2023-03-29","Pending","F0473","2","2024-06-26","Good experience","Positive","CP0473","Diwali","High","No","S0473","Regular","2024-10-26","Interest","List_3"
"C0490","Saraswati Rao","user490@example.com","+91-8299291111","Female","36-45","Logistics Manager","Kurnool","South","Gujarat","Tier 2","Rural","P0490","Smartphone","Sports","2023-11-23","55951","UPI","Yes","PREF0490","Email","Marathi","Weekly","Negative","I0490","Summer Sale","Store Visit","2024-03-24","Pending","F0490","5","2023-05-19","Need improvement","Neutral","CP0490","Onam","High","No","S0490","Premium","2024-10-26","Location","List_4"
"C0498","Kishore Wagh","user498@example.com","+91-7989279942","Female","36-45","Lab Technician","Vasai-Virar","North","Delhi","Tier 2","Rural","P0498","Laptop","Food","2024-12-18","88794","Cash on Delivery","Yes","PREF0498","SMS","Gujarati","Weekly","Neutral","I0498","Summer Sale","Email","2024-03-22","Successful","F0498","4","2024-12-17","Good experience","Negative","CP0498","Christmas","Medium","Yes","S0498","Premium","2024-10-26","Behavior","List_2"
"C0503","Amrita Sen","user503@example.com","+91-8249527905","Male","36-45","Psychologist","Kozhikode","South","Karnataka","Tier 3","Urban","P0503","Headphones","Fashion","2023-04-15","28624","Net Banking","Yes","PREF0503","SMS","Hindi","Quarterly","Positive","I0503","Summer Sale","Email","2024-07-23","Failed","F0503","3","2024-07-28","Good experience","Positive","CP0503","Christmas","Medium","No","S0503","Budget","2024-10-26","Age","List_5"
"C0520","Parth Oberoi","user520@example.com","+91-9208543666","Female","36-45","Environmental Scientist","Bhilai","South","Gujarat","Tier 1","Semi-Urban","P0520","Tablet","Sports","2024-12-08","10304","Net Banking","Yes","PREF0520","WhatsApp","Hindi","Quarterly","Positive","I0520","Diwali Special","Email","2024-08-09","Failed","F0520","3","2024-01-08","Good experience","Neutral","CP0520","Christmas","Low","Yes","S0520","Budget","2024-10-26","Location","List_1"
"C0525","Parth Oberoi","user525@example.com","+91-8297000801","Female","36-45","Video Editor","Aligarh","North","Karnataka","Tier 3","Urban","P0525","Speaker","Books","2024-04-29","95488","Credit Card","Yes","PREF0525","SMS","Marathi","Daily","Positive","I0525","Summer Sale","Store Visit","2024-10-31","Pending","F0525","5","2024-03-04","Need improvement","Positive","CP0525","Pongal","Medium","Yes","S0525","Premium","2024-10-26","Age","List_3"
"C0530","Bhavesh Vora","user530@example.com","+91-8987455071","Male","36-45","Customer Service Representative","Aligarh","West","Gujarat","Tier 3","Semi-Urban","P0530","Headphones","Electronics","2023-05-03","25722","Debit Card","No","PREF0530","Phone","Bengali","Weekly","Neutral","I0530","Summer Sale","Email","2024-05-09","Successful","F0530","1","2023-07-25","Need improvement","Negative","CP0530","Holi","Low","No","S0530","Premium","2024-10-26","Interest","List_1"
"C0532","Amol Mohan","user532@example.com","+91-8883629262","Male","36-45","Sales Executive","Jodhpur","South","Gujarat","Tier 1","Rural","P0532","Headphones","Sports","2023-04-26","5725","Net Banking","Yes","PREF0532","WhatsApp","Bengali","Weekly","Negative","I0532","Republic Day Sale","Store Visit","2023-11-01","Failed","F0532","4","2024-12-10","Good experience","Positive","CP0532","Eid","Low","Yes","S0532","Regular","2024-10-26","Location","List_3"
"C0540","Suresh Iyer","user540@example.com","+91-7697117596","Male","36-45","Software Developer","Vijayawada","East","Maharashtra","Tier 2","Rural","P0540","Headphones","Fashion","2024-06-10","65857","UPI","No","PREF0540","WhatsApp","Marathi","Daily","Negative","I0540","Diwali Special","Store Visit","2024-09-01","Failed","F0540","2","2024-06-16","Need improvement","Negative","CP0540","Eid","Low","No","S0540","Regular","2024-10-26","Location","List_4"
"C0547","Shalini Das","user547@example.com","+91-8977204475","Female","36-45","Teacher Assistant","Bangalore","South","Delhi","Tier 1","Rural","P0547","Smartphone","Books","2023-11-07","12415","Debit Card","Yes","PREF0547","SMS","Bengali","Daily","Neutral","I0547","Summer Sale","Call","2023-09-27","Pending","F0547","1","2024-12-10","Need improvement","Negative","CP0547","Durga Puja","High","Yes","S0547","Premium","2024-10-26","Behavior","List_4"
"C0550","Ritika Bhargava","user550@example.com","+91-8814511793","Female","36-45","Software Developer","Solapur","South","Telangana","Tier 3","Urban","P0550","Headphones","Food","2023-12-09","78198","UPI","No","PREF0550","Phone","Telugu","Monthly","Positive","I0550","Diwali Special","Store Visit","2024-01-20","Successful","F0550","2","2023-01-08","Good experience","Negative","CP0550","Eid","Medium","No","S0550","Premium","2024-10-26","Interest","List_4"
"C0551","Akash Tripathi","user551@example.com","+91-9660070030","Male","36-45","Software Engineer","Cuttack","South","West Bengal","Tier 3","Semi-Urban","P0551","Smartphone","Sports","2024-05-19","29743","Cash on Delivery","No","PREF0551","SMS","Bengali","Monthly","Positive","I0551","Diwali Special","Email","2023-07-25","Successful","F0551","1","2023-04-10","Good experience","Positive","CP0551","Christmas","Low","No","S0551","Budget","2024-10-26","Behavior","List_2"
"C0555","Umesh Kohli","user555@example.com","+91-7432739075","Female","36-45","Financial Analyst","Bharatpur","East","Telangana","Tier 1","Semi-Urban","P0555","Laptop","Beauty","2023-07-29","64190","Debit Card","No","PREF0555","SMS","Marathi","Quarterly","Neutral","I0555","New Year Bonanza","Store Visit","2023-12-20","Successful","F0555","4","2024-06-22","Good experience","Positive","CP0555","Onam","High","Yes","S0555","Premium","2024-10-26","Behavior","List_4"
"C0570","Suresh Iyer","user570@example.com","+91-7455276784","Female","36-45","Electric Vehicle Technician","Tiruchirappalli","South","Telangana","Tier 3","Urban","P0570","Headphones","Food","2023-04-10","62264","Credit Card","Yes","PREF0570","SMS","Hindi","Quarterly","Positive","I0570","Summer Sale","Store Visit","2023-01-16","Successful","F0570","2","2023-08-31","Need improvement","Negative","CP0570","Durga Puja","Medium","Yes","S0570","Premium","2024-10-26","Age","List_3"
"C0573","Girish Wadhwa","user573@example.com","+91-8294482832","Male","36-45","Graphic Designer","Dhule","North","West Bengal","Tier 2","Rural","P0573","Headphones","Sports","2023-08-28","50932","UPI","No","PREF0573","SMS","English","Daily","Positive","I0573","Summer Sale","Email","2024-12-02","Pending","F0573","5","2024-09-16","Need improvement","Neutral","CP0573","Holi","Medium","Yes","S0573","Premium","2024-10-26","Location","List_4"
"C0574","Shalini Das","user574@example.com","+91-7835667427","Female","36-45","Clerk","Solapur","East","Delhi","Tier 3","Urban","P0574","Laptop","Home & Living","2023-04-18","45225","UPI","No","PREF0574","WhatsApp","Telugu","Monthly","Positive","I0574","Summer Sale","Call","2024-12-04","Failed","F0574","2","2023-12-01","Need improvement","Neutral","CP0574","Onam","Low","Yes","S0574","Premium","2024-10-26","Behavior","List_3"
"C0577","Charu Bhatia","user577@example.com","+91-8129206683","Female","36-45","Policy Analyst","Thane","West","Karnataka","Tier 3","Rural","P0577","Camera","Books","2023-02-20","75391","UPI","No","PREF0577","Email","Bengali","Weekly","Positive","I0577","New Year Bonanza","Call","2023-09-14","Successful","F0577","1","2024-12-04","Good experience","Positive","CP0577","Onam","Low","No","S0577","Budget","2024-10-26","Location","List_4"
"C0582","Vivek Rawat","user582@example.com","+91-7641941179","Male","36-45","Bank Teller","Dehradun","South","Maharashtra","Tier 2","Rural","P0582","Laptop","Beauty","2024-06-20","10230","Cash on Delivery","Yes","PREF0582","WhatsApp","Marathi","Daily","Neutral","I0582","New Year Bonanza","Store Visit","2024-11-04","Failed","F0582","2","2023-05-20","Good experience","Neutral","CP0582","Holi","High","No","S0582","Regular","2024-10-26","Behavior","List_2"
"C0583","Jayant Nag","user583@example.com","+91-7157152162","Female","36-45","Psychologist","Rohtak","South","Telangana","Tier 2","Rural","P0583","Smartphone","Electronics","2024-11-04","52977","Credit Card","No","PREF0583","Phone","Marathi","Daily","Neutral","I0583","Republic Day Sale","Chat","2023-07-12","Pending","F0583","4","2024-10-15","Good experience","Positive","CP0583","Christmas","Medium","No","S0583","Budget","2024-10-26","Interest","List_4"
"C0587","Gaurav Tandon","user587@example.com","+91-9714285300","Female","36-45","Police Officer","Madurai","North","Telangana","Tier 3","Semi-Urban","P0587","Smartphone","Books","2024-04-04","98919","Cash on Delivery","No","PREF0587","WhatsApp","Bengali","Weekly","Neutral","I0587","Festival Offers","Call","2024-12-03","Successful","F0587","3","2023-09-03","Need improvement","Positive","CP0587","Durga Puja","Medium","Yes","S0587","Regular","2024-10-26","Interest","List_1"
"C0593","Saraswati Rao","user593@example.com","+91-7779562185","Female","36-45","Pilot","Jamnagar","East","West Bengal","Tier 1","Urban","P0593","Laptop","Beauty","2024-06-29","49356","UPI","No","PREF0593","WhatsApp","Marathi","Monthly","Neutral","I0593","New Year Bonanza","Email","2024-01-16","Successful","F0593","2","2023-10-19","Need improvement","Positive","CP0593","Pongal","Low","Yes","S0593","Budget","2024-10-26","Interest","List_2"
"C0596","Rashmi Raina","user596@example.com","+91-9074309467","Male","36-45","Chemist","Lucknow","East","Delhi","Tier 2","Urban","P0596","Smart Watch","Books","2024-06-27","90297","Credit Card","Yes","PREF0596","WhatsApp","Hindi","Weekly","Neutral","I0596","New Year Bonanza","Email","2024-03-16","Failed","F0596","5","2023-11-14","Need improvement","Neutral","CP0596","Diwali","High","Yes","S0596","Budget","2024-10-26","Location","List_1"
"C0606","Jayant Nag","user606@example.com","+91-9010633567","Male","36-45","Software Engineer","Bokaro Steel City","North","Gujarat","Tier 3","Semi-Urban","P0606","Camera","Food","2024-05-03","59643","Debit Card","Yes","PREF0606","Phone","Marathi","Weekly","Neutral","I0606","Festival Offers","Store Visit","2023-01-17","Successful","F0606","1","2024-02-21","Need improvement","Neutral","CP0606","Eid","High","No","S0606","Premium","2024-10-26","Behavior","List_4"
"C0621","Deepa Singh","user621@example.com","+91-8568211644","Female","36-45","Journalist","Kochi","South","Delhi","Tier 3","Rural","P0621","Smartphone","Beauty","2024-07-03","12319","Net Banking","No","PREF0621","Email","Marathi","Monthly","Positive","I0621","Republic Day Sale","Call","2023-07-03","Pending","F0621","3","2023-12-18","Need improvement","Positive","CP0621","Diwali","Low","No","S0621","Budget","2024-10-26","Behavior","List_2"
"C0635","Jatin Pillai","user635@example.com","+91-8355972123","Female","36-45","Biologist","Jhansi","North","West Bengal","Tier 1","Urban","P0635","Laptop","Electronics","2023-03-10","31615","Debit Card","Yes","PREF0635","WhatsApp","Marathi","Quarterly","Neutral","I0635","Republic Day Sale","Store Visit","2023-12-27","Failed","F0635","4","2024-06-14","Good experience","Neutral","CP0635","Holi","High","No","S0635","Budget","2024-10-26","Age","List_2"
"C0639","Kavita Roy","user639@example.com","+91-9395463310","Male","36-45","Chemist","Bikaner","East","Gujarat","Tier 1","Urban","P0639","Speaker","Books","2024-10-03","2245","Debit Card","No","PREF0639","Email","Bengali","Quarterly","Neutral","I0639","New Year Bonanza","Chat","2023-01-02","Failed","F0639","4","2023-11-20","Need improvement","Positive","CP0639","Pongal","Medium","No","S0639","Regular","2024-10-26","Location","List_1"
"C0645","Mohit Joshi","user645@example.com","+91-7412437061","Female","36-45","Travel Agent","Moradabad","East","Gujarat","Tier 3","Semi-Urban","P0645","Headphones","Electronics","2023-05-28","69049","Credit Card","Yes","PREF0645","SMS","Gujarati","Daily","Positive","I0645","Republic Day Sale","Store Visit","2024-10-05","Failed","F0645","2","2023-10-14","Good experience","Neutral","CP0645","Pongal","High","No","S0645","Regular","2024-10-26","Behavior","List_4"
"C0652","Indira Chari","user652@example.com","+91-9009266628","Female","36-45","Telecom Engineer","Kurnool","South","Gujarat","Tier 2","Semi-Urban","P0652","Tablet","Home & Living","2024-03-15","56654","Debit Card","Yes","PREF0652","Email","Marathi","Quarterly","Negative","I0652","Summer Sale","Email","2024-08-07","Successful","F0652","1","2023-12-31","Good experience","Negative","CP0652","Holi","Medium","No","S0652","Budget","2024-10-26","Age","List_3"
"C0659","Lalit Saxena","user659@example.com","+91-9127086539","Male","36-45","Consultant","Raipur","West","Delhi","Tier 3","Urban","P0659","Smartphone","Books","2023-11-11","1364","Debit Card","No","PREF0659","Phone","Gujarati","Daily","Neutral","I0659","Diwali Special","Call","2024-01-21","Pending","F0659","2","2024-10-25","Need improvement","Positive","CP0659","Eid","Low","Yes","S0659","Premium","2024-10-26","Location","List_2"
"C0661","Anita Desai","user661@example.com","+91-9344081645","Male","36-45","Agricultural Worker","Bellary","South","Maharashtra","Tier 3","Semi-Urban","P0661","Smart Watch","Sports","2023-04-06","80646","Net Banking","No","PREF0661","SMS","Hindi","Daily","Neutral","I0661","Republic Day Sale","Call","2024-12-12","Successful","F0661","2","2024-12-16","Need improvement","Neutral","CP0661","Christmas","High","No","S0661","Premium","2024-10-26","Behavior","List_2"
"C0669","Sanjay Verma","user669@example.com","+91-7727360871","Male","36-45","Fitness Trainer","Muzaffarnagar","South","Gujarat","Tier 2","Urban","P0669","Tablet","Fashion","2023-01-23","61180","Credit Card","No","PREF0669","WhatsApp","Bengali","Weekly","Neutral","I0669","New Year Bonanza","Chat","2023-07-15","Successful","F0669","4","2024-01-29","Good experience","Negative","CP0669","Eid","High","Yes","S0669","Budget","2024-10-26","Age","List_1"
"C0672","Rina Warrier","user672@example.com","+91-8295780592","Female","36-45","Environmental Scientist","Siliguri","South","Gujarat","Tier 2","Semi-Urban","P0672","Camera","Food","2023-02-06","66715","Credit Card","Yes","PREF0672","Email","English","Weekly","Neutral","I0672","New Year Bonanza","Call","2023-11-28","Pending","F0672","5","2024-02-18","Good experience","Positive","CP0672","Pongal","High","Yes","S0672","Premium","2024-10-26","Behavior","List_5"
"C0677","Harish Bahl","user677@example.com","+91-8570152501","Female","36-45","Marketing Manager","Siliguri","South","Gujarat","Tier 3","Rural","P0677","Camera","Fashion","2024-06-30","70996","Debit Card","Yes","PREF0677","Email","Tamil","Monthly","Negative","I0677","Festival Offers","Chat","2024-07-04","Failed","F0677","5","2024-01-30","Good experience","Neutral","CP0677","Pongal","High","Yes","S0677","Budget","2024-10-26","Behavior","List_3"
"C0679","Sudhir Deshmukh","user679@example.com","+91-9566147071","Female","36-45","Agricultural Worker","Firozabad","South","Maharashtra","Tier 1","Semi-Urban","P0679","Headphones","Food","2023-12-18","57095","Net Banking","Yes","PREF0679","Phone","Marathi","Weekly","Neutral","I0679","Diwali Special","Store Visit","2024-09-22","Pending","F0679","3","2024-08-30","Need improvement","Positive","CP0679","Holi","High","No","S0679","Premium","2024-10-26","Location","List_5"
"C0688","Nandita Kashyap","user688@example.com","+91-9267740495","Male","36-45","Journalist","Kozhikode","East","Delhi","Tier 3","Urban","P0688","Smartphone","Sports","2024-07-23","56954","Cash on Delivery","No","PREF0688","Email","Hindi","Monthly","Positive","I0688","Republic Day Sale","Store Visit","2023-05-02","Pending","F0688","4","2024-05-31","Good experience","Negative","CP0688","Onam","Medium","No","S0688","Budget","2024-10-26","Interest","List_2"
"C0691","Sandeep Walia","user691@example.com","+91-7062505105","Female","36-45","Teacher Assistant","Ujjain","South","Tamil Nadu","Tier 1","Rural","P0691","Speaker","Sports","2023-06-24","63222","Debit Card","No","PREF0691","Email","Gujarati","Quarterly","Positive","I0691","Republic Day Sale","Chat","2023-03-12","Successful","F0691","2","2024-02-02","Need improvement","Negative","CP0691","Diwali","Low","No","S0691","Budget","2024-10-26","Behavior","List_4"
"C0701","Akash Tripathi","user701@example.com","+91-9256809144","Female","36-45","Project Manager","Agra","South","Karnataka","Tier 2","Urban","P0701","Smartphone","Fashion","2024-03-05","12254","Cash on Delivery","Yes","PREF0701","Phone","Tamil","Quarterly","Positive","I0701","Republic Day Sale","Store Visit","2024-05-02","Successful","F0701","2","2024-05-10","Good experience","Neutral","CP0701","Onam","Medium","No","S0701","Budget","2024-10-26","Location","List_2"
"C0704","Harish Bahl","user704@example.com","+91-8601916133","Female","36-45","HR Manager","Rajahmundry","South","Maharashtra","Tier 2","Urban","P0704","Headphones","Home & Living","2023-10-21","3015","Cash on Delivery","No","PREF0704","WhatsApp","Gujarati","Weekly","Positive","I0704","New Year Bonanza","Chat","2023-10-11","Successful","F0704","1","2023-02-03","Good experience","Neutral","CP0704","Durga Puja","Medium","No","S0704","Regular","2024-10-26","Age","List_3"
"C0708","Lakshmi Menon","user708@example.com","+91-7195443554","Male","36-45","Event Planner","Bhubaneswar","South","Delhi","Tier 2","Rural","P0708","Smartphone","Food","2023-04-02","6829","Credit Card","Yes","PREF0708","Phone","Marathi","Weekly","Negative","I0708","Diwali Special","Store Visit","2023-03-28","Failed","F0708","2","2024-06-06","Need improvement","Negative","CP0708","Holi","High","Yes","S0708","Budget","2024-10-26","Age","List_4"
"C0713","Harish Bahl","user713@example.com","+91-7613684365","Female","36-45","UX/UI Designer","Tiruchirappalli","North","Telangana","Tier 1","Urban","P0713","Smartphone","Home & Living","2023-04-23","44306","Credit Card","Yes","PREF0713","Phone","Telugu","Daily","Positive","I0713","Festival Offers","Chat","2024-05-09","Failed","F0713","5","2024-12-01","Good experience","Neutral","CP0713","Holi","Medium","Yes","S0713","Budget","2024-10-26","Age","List_5"
"C0729","Indira Chari","user729@example.com","+91-8697443245","Female","36-45","Photographer","Jalandhar","East","Telangana","Tier 2","Urban","P0729","Headphones","Electronics","2024-11-07","31697","Cash on Delivery","Yes","PREF0729","Phone","Tamil","Weekly","Neutral","I0729","Diwali Special","Email","2024-04-20","Successful","F0729","5","2023-07-09","Good experience","Negative","CP0729","Christmas","High","Yes","S0729","Regular","2024-10-26","Behavior","List_3"
"C0732","Aarti Ramachandran","user732@example.com","+91-8664237959","Female","36-45","Lab Technician","Firozabad","East","Delhi","Tier 3","Urban","P0732","Smart Watch","Food","2024-09-04","65555","Net Banking","Yes","PREF0732","Phone","English","Monthly","Neutral","I0732","Summer Sale","Email","2024-08-19","Pending","F0732","2","2023-05-11","Need improvement","Negative","CP0732","Durga Puja","Medium","No","S0732","Regular","2024-10-26","Behavior","List_4"
"C0755","Mukesh Aggarwal","user755@example.com","+91-8146545403","Female","36-45","Journalist","Tirunelveli","South","Tamil Nadu","Tier 1","Rural","P0755","Smart Watch","Beauty","2023-06-09","83790","Credit Card","No","PREF0755","Phone","Tamil","Daily","Negative","I0755","Republic Day Sale","Call","2023-07-24","Pending","F0755","5","2024-12-04","Need improvement","Neutral","CP0755","Eid","High","Yes","S0755","Regular","2024-10-26","Behavior","List_2"
"C0759","Anil Mishra","user759@example.com","+91-8372878089","Female","36-45","Fitness Trainer","Ghaziabad","South","Gujarat","Tier 3","Urban","P0759","Smartphone","Fashion","2024-11-19","30480","Net Banking","No","PREF0759","Email","English","Monthly","Neutral","I0759","New Year Bonanza","Chat","2024-08-30","Pending","F0759","3","2023-08-12","Good experience","Neutral","CP0759","Durga Puja","High","No","S0759","Premium","2024-10-26","Age","List_2"
"C0760","Aarti Ramachandran","user760@example.com","+91-8088248065","Female","36-45","Architect","Varanasi","North","Maharashtra","Tier 1","Semi-Urban","P0760","Laptop","Sports","2024-05-12","48780","Cash on Delivery","No","PREF0760","WhatsApp","English","Monthly","Neutral","I0760","Summer Sale","Call","2024-07-22","Failed","F0760","5","2024-10-01","Good experience","Neutral","CP0760","Onam","High","No","S0760","Budget","2024-10-26","Interest","List_3"
"C0765","Rohit Arvind","user765@example.com","+91-7333600141","Female","36-45","Radio Jockey","Patiala","East","Tamil Nadu","Tier 3","Semi-Urban","P0765","Speaker","Fashion","2024-03-18","47193","Debit Card","Yes","PREF0765","Phone","English","Weekly","Neutral","I0765","Republic Day Sale","Email","2024-08-15","Successful","F0765","3","2024-03-08","Good experience","Neutral","CP0765","Diwali","Low","Yes","S0765","Premium","2024-10-26","Interest","List_5"
"C0766","Lakshmi Menon","user766@example.com","+91-7254062441","Male","36-45","Pilot","Jalandhar","North","West Bengal","Tier 3","Rural","P0766","Tablet","Food","2024-09-06","62358","Net Banking","No","PREF0766","SMS","Hindi","Daily","Neutral","I0766","Festival Offers","Call","2023-02-11","Successful","F0766","3","2023-08-16","Good experience","Neutral","CP0766","Onam","High","Yes","S0766","Regular","2024-10-26","Behavior","List_2"
"C0776","Rakesh Pandey","user776@example.com","+91-7033147774","Male","36-45","Automotive Technician","Firozabad","East","Delhi","Tier 2","Semi-Urban","P0776","Tablet","Sports","2024-04-15","88238","Net Banking","Yes","PREF0776","WhatsApp","English","Quarterly","Neutral","I0776","Republic Day Sale","Call","2023-07-19","Failed","F0776","2","2023-10-24","Need improvement","Negative","CP0776","Diwali","Low","No","S0776","Regular","2024-10-26","Behavior","List_4"
"C0778","Alok Yadav","user778@example.com","+91-8994326984","Male","36-45","Teacher","Gorakhpur","East","Delhi","Tier 1","Urban","P0778","Smart Watch","Electronics","2023-11-26","64155","Cash on Delivery","No","PREF0778","Email","Hindi","Quarterly","Negative","I0778","New Year Bonanza","Chat","2024-10-16","Successful","F0778","3","2023-07-02","Need improvement","Positive","CP0778","Pongal","Medium","Yes","S0778","Regular","2024-10-26","Interest","List_2"
"C0782","Anita Desai","user782@example.com","+91-8630346620","Female","36-45","Real Estate Agent","Mangalore","South","Telangana","Tier 1","Urban","P0782","Smartphone","Books","2023-11-15","31177","Cash on Delivery","Yes","PREF0782","WhatsApp","English","Quarterly","Positive","I0782","Diwali Special","Chat","2024-02-27","Failed","F0782","2","2023-07-10","Good experience","Positive","CP0782","Diwali","Low","Yes","S0782","Regular","2024-10-26","Behavior","List_1"
"C0784","Amol Mohan","user784@example.com","+91-8313531650","Female","36-45","Social Worker","Jodhpur","West","West Bengal","Tier 3","Semi-Urban","P0784","Camera","Beauty","2024-06-03","83215","UPI","Yes","PREF0784","WhatsApp","Marathi","Monthly","Positive","I0784","New Year Bonanza","Chat","2024-04-21","Failed","F0784","5","2024-01-19","Good experience","Negative","CP0784","Onam","High","No","S0784","Regular","2024-10-26","Age","List_4"
"C0786","Amrita Sen","user786@example.com","+91-8989286016","Female","36-45","Logistics Manager","Ambattur","South","Telangana","Tier 1","Semi-Urban","P0786","Smartphone","Electronics","2024-06-29","83600","Cash on Delivery","No","PREF0786","WhatsApp","Tamil","Monthly","Positive","I0786","Republic Day Sale","Store Visit","2023-06-20","Failed","F0786","1","2023-07-20","Good experience","Neutral","CP0786","Eid","Low","No","S0786","Premium","2024-10-26","Behavior","List_4"
"C0800","Pushpa Patkar","user800@example.com","+91-8351718207","Female","36-45","Student","Agra","North","West Bengal","Tier 2","Semi-Urban","P0800","Camera","Books","2024-11-22","20797","Debit Card","Yes","PREF0800","WhatsApp","English","Weekly","Positive","I0800","New Year Bonanza","Chat","2024-10-03","Successful","F0800","5","2023-12-24","Need improvement","Positive","CP0800","Durga Puja","Medium","No","S0800","Budget","2024-10-26","Location","List_2"
"C0801","Deepti Khare","user801@example.com","+91-7696622662","Male","36-45","Content Writer","Rajkot","South","Karnataka","Tier 2","Rural","P0801","Tablet","Fashion","2024-02-04","33535","Cash on Delivery","Yes","PREF0801","Phone","English","Weekly","Neutral","I0801","Republic Day Sale","Call","2023-04-29","Failed","F0801","2","2023-12-26","Good experience","Negative","CP0801","Onam","Low","Yes","S0801","Regular","2024-10-26","Behavior","List_3"
"C0822","Shalini Das","user822@example.com","+91-7694355502","Female","36-45","Customer Service Representative","Navi Mumbai","West","Maharashtra","Tier 3","Urban","P0822","Smart Watch","Food","2023-11-17","26017","Debit Card","No","PREF0822","SMS","English","Weekly","Positive","I0822","New Year Bonanza","Chat","2024-09-09","Failed","F0822","4","2023-06-07","Need improvement","Neutral","CP0822","Durga Puja","High","No","S0822","Premium","2024-10-26","Age","List_5"
"C0825","Madhu Patil","user825@example.com","+91-9539041359","Female","36-45","Nutritionist","Hyderabad","South","Gujarat","Tier 2","Semi-Urban","P0825","Laptop","Books","2024-08-02","2559","Net Banking","No","PREF0825","SMS","Hindi","Weekly","Positive","I0825","Republic Day Sale","Email","2024-08-24","Failed","F0825","3","2024-11-25","Good experience","Neutral","CP0825","Christmas","Low","Yes","S0825","Budget","2024-10-26","Age","List_1"
"C0826","Jatin Pillai","user826@example.com","+91-7336614180","Male","36-45","Software Developer","Gulbarga","East","Tamil Nadu","Tier 1","Rural","P0826","Speaker","Books","2024-03-16","51893","Credit Card","Yes","PREF0826","Phone","Marathi","Quarterly","Positive","I0826","Summer Sale","Chat","2024-08-08","Pending","F0826","3","2024-02-26","Good experience","Neutral","CP0826","Holi","High","No","S0826","Regular","2024-10-26","Age","List_2"
"C0828","Neha Gupta","user828@example.com","+91-8936816272","Male","36-45","Retail Manager","Lucknow","North","West Bengal","Tier 3","Rural","P0828","Camera","Home & Living","2024-09-17","81879","Net Banking","No","PREF0828","SMS","English","Monthly","Neutral","I0828","Summer Sale","Email","2023-02-26","Failed","F0828","4","2023-04-23","Need improvement","Negative","CP0828","Eid","High","No","S0828","Budget","2024-10-26","Location","List_1"
"C0833","Bhavna Shetty","user833@example.com","+91-8671701103","Male","36-45","Stock Broker","Kochi","South","Karnataka","Tier 1","Urban","P0833","Laptop","Food","2024-05-10","82060","Cash on Delivery","No","PREF0833","Email","Gujarati","Monthly","Positive","I0833","Republic Day Sale","Call","2023-02-25","Successful","F0833","3","2024-12-28","Good experience","Negative","CP0833","Onam","High","Yes","S0833","Premium","2024-10-26","Age","List_5"
"C0837","Pradeep Rathore","user837@example.com","+91-9693254823","Male","36-45","Automotive Technician","Guntur","South","Maharashtra","Tier 2","Rural","P0837","Smart Watch","Electronics","2023-03-12","36774","Net Banking","Yes","PREF0837","Email","Marathi","Monthly","Positive","I0837","Diwali Special","Call","2024-06-19","Failed","F0837","4","2023-05-25","Good experience","Neutral","CP0837","Christmas","Medium","No","S0837","Regular","2024-10-26","Location","List_3"
"C0839","Ankit Mehra","user839@example.com","+91-8512428026","Male","36-45","NGO Worker","Varanasi","East","Gujarat","Tier 2","Urban","P0839","Laptop","Fashion","2024-07-16","23391","Cash on Delivery","Yes","PREF0839","Phone","Gujarati","Quarterly","Positive","I0839","New Year Bonanza","Call","2023-09-15","Pending","F0839","2","2024-07-17","Good experience","Neutral","CP0839","Durga Puja","High","No","S0839","Regular","2024-10-26","Location","List_1"
"C0843","Sunita Kulkarni","user843@example.com","+91-8738101543","Female","36-45","Lawyer","Rajkot","North","Karnataka","Tier 3","Rural","P0843","Speaker","Beauty","2023-10-07","15080","Credit Card","No","PREF0843","Phone","English","Daily","Negative","I0843","Diwali Special","Call","2024-04-14","Pending","F0843","4","2023-07-31","Good experience","Positive","CP0843","Pongal","Medium","Yes","S0843","Budget","2024-10-26","Behavior","List_4"
"C0860","Sneha Kapoor","user860@example.com","+91-8505974973","Male","36-45","Clerk","Noida","East","Delhi","Tier 2","Rural","P0860","Tablet","Electronics","2023-08-04","62824","Credit Card","Yes","PREF0860","SMS","Tamil","Daily","Positive","I0860","Summer Sale","Chat","2023-07-10","Successful","F0860","2","2023-05-26","Good experience","Neutral","CP0860","Diwali","High","Yes","S0860","Premium","2024-10-26","Interest","List_1"
"C0861","Deepti Khare","user861@example.com","+91-7068547061","Male","36-45","Research Scientist","Rohtak","South","West Bengal","Tier 3","Rural","P0861","Speaker","Sports","2024-09-10","5725","Net Banking","Yes","PREF0861","SMS","Tamil","Quarterly","Negative","I0861","New Year Bonanza","Call","2024-10-03","Successful","F0861","3","2024-04-12","Need improvement","Negative","CP0861","Christmas","Low","Yes","S0861","Premium","2024-10-26","Interest","List_3"
"C0867","Komal Jain","user867@example.com","+91-9762393770","Male","36-45","Data Scientist","Howrah","North","Maharashtra","Tier 2","Semi-Urban","P0867","Smartphone","Beauty","2023-08-18","14092","Cash on Delivery","Yes","PREF0867","Phone","Telugu","Quarterly","Neutral","I0867","New Year Bonanza","Call","2023-08-24","Pending","F0867","2","2023-08-28","Good experience","Neutral","CP0867","Pongal","High","Yes","S0867","Premium","2024-10-26","Age","List_3"
"C0886","Naveen Paul","user886@example.com","+91-7871463364","Female","36-45","Journalist","Mysore","South","West Bengal","Tier 3","Semi-Urban","P0886","Camera","Books","2023-11-10","56355","Debit Card","No","PREF0886","WhatsApp","Tamil","Weekly","Neutral","I0886","New Year Bonanza","Chat","2023-10-04","Successful","F0886","5","2023-01-02","Need improvement","Negative","CP0886","Eid","Medium","No","S0886","Regular","2024-10-26","Location","List_1"
"C0889","Sahil Bedi","user889@example.com","+91-7254306667","Male","36-45","Civil Servant","Meerut","West","Maharashtra","Tier 3","Urban","P0889","Laptop","Sports","2023-09-05","58920","Credit Card","Yes","PREF0889","WhatsApp","English","Daily","Neutral","I0889","Festival Offers","Chat","2023-10-08","Pending","F0889","3","2023-02-24","Good experience","Negative","CP0889","Eid","Low","Yes","S0889","Budget","2024-10-26","Location","List_4"
"C0899","Tulsi Khurana","user899@example.com","+91-8270149431","Male","36-45","Customs Officer","Tirupati","West","Karnataka","Tier 2","Semi-Urban","P0899","Tablet","Books","2023-10-11","63008","Net Banking","No","PREF0899","WhatsApp","Gujarati","Quarterly","Negative","I0899","Diwali Special","Email","2023-12-30","Failed","F0899","3","2024-10-31","Need improvement","Neutral","CP0899","Onam","Medium","Yes","S0899","Premium","2024-10-26","Interest","List_2"
"C0924","Sahil Bedi","user924@example.com","+91-8737004238","Male","36-45","Nurse","Saharanpur","West","Gujarat","Tier 2","Semi-Urban","P0924","Headphones","Books","2023-03-27","35743","Credit Card","Yes","PREF0924","Phone","Tamil","Daily","Neutral","I0924","Summer Sale","Email","2023-06-13","Successful","F0924","1","2023-06-29","Good experience","Positive","CP0924","Eid","High","No","S0924","Budget","2024-10-26","Location","List_1"
"C0926","Kishore Wagh","user926@example.com","+91-9557704667","Male","36-45","Biologist","Bhilai","East","West Bengal","Tier 3","Urban","P0926","Smartphone","Fashion","2023-04-01","80803","Debit Card","Yes","PREF0926","SMS","Hindi","Monthly","Neutral","I0926","Diwali Special","Email","2024-09-18","Successful","F0926","2","2024-08-09","Good experience","Neutral","CP0926","Durga Puja","High","Yes","S0926","Regular","2024-10-26","Interest","List_3"
"C0931","Nandita Kashyap","user931@example.com","+91-8220254685","Male","36-45","Travel Agent","Thane","West","Delhi","Tier 3","Semi-Urban","P0931","Smartphone","Food","2023-03-27","88483","Net Banking","Yes","PREF0931","Phone","Marathi","Weekly","Positive","I0931","New Year Bonanza","Store Visit","2024-05-08","Successful","F0931","4","2023-09-03","Need improvement","Negative","CP0931","Durga Puja","Medium","Yes","S0931","Premium","2024-10-26","Location","List_5"
"C0938","Raj Malhotra","user938@example.com","+91-9785634340","Male","36-45","Teacher Assistant","Vadodara","East","Tamil Nadu","Tier 2","Semi-Urban","P0938","Headphones","Fashion","2023-04-26","33813","Net Banking","Yes","PREF0938","WhatsApp","Tamil","Daily","Neutral","I0938","Festival Offers","Email","2024-12-20","Successful","F0938","3","2023-10-19","Need improvement","Neutral","CP0938","Diwali","Medium","No","S0938","Regular","2024-10-26","Age","List_1"
"C0941","Manoj Arora","user941@example.com","+91-9423024850","Female","36-45","Software Developer","Bikaner","West","Karnataka","Tier 1","Urban","P0941","Speaker","Fashion","2023-12-22","5512","Net Banking","Yes","PREF0941","SMS","Marathi","Monthly","Negative","I0941","Diwali Special","Chat","2024-02-18","Pending","F0941","3","2024-01-06","Good experience","Positive","CP0941","Durga Puja","Medium","No","S0941","Premium","2024-10-26","Behavior","List_5"
"C0942","Nitin Khanna","user942@example.com","+91-8646592838","Female","36-45","Consultant","Ajmer","South","Gujarat","Tier 3","Urban","P0942","Smartphone","Sports","2023-01-21","23666","Credit Card","Yes","PREF0942","Phone","Tamil","Monthly","Negative","I0942","New Year Bonanza","Chat","2023-06-23","Successful","F0942","2","2024-08-23","Good experience","Positive","CP0942","Diwali","High","No","S0942","Budget","2024-10-26","Interest","List_4"
"C0949","Lakshmi Menon","user949@example.com","+91-9903925367","Male","36-45","Graphic Designer","Panihati","South","Karnataka","Tier 3","Rural","P0949","Speaker","Books","2024-01-19","79561","Net Banking","No","PREF0949","WhatsApp","English","Quarterly","Negative","I0949","New Year Bonanza","Call","2023-04-02","Failed","F0949","1","2024-01-14","Good experience","Negative","CP0949","Onam","Medium","No","S0949","Budget","2024-10-26","Location","List_4"
"C0951","Gaurav Tandon","user951@example.com","+91-9580606736","Male","36-45","Chartered Accountant","Tiruchirappalli","South","Delhi","Tier 3","Rural","P0951","Tablet","Books","2024-08-21","12351","Debit Card","No","PREF0951","WhatsApp","Telugu","Quarterly","Neutral","I0951","Summer Sale","Chat","2023-08-30","Failed","F0951","5","2024-11-23","Good experience","Negative","CP0951","Diwali","High","No","S0951","Budget","2024-10-26","Behavior","List_3"
"C0952","Naveen Paul","user952@example.com","+91-7897437331","Female","36-45","Automotive Technician","Panihati","West","Karnataka","Tier 1","Urban","P0952","Laptop","Fashion","2024-06-23","56184","UPI","No","PREF0952","SMS","Bengali","Weekly","Neutral","I0952","New Year Bonanza","Call","2023-03-04","Pending","F0952","3","2024-04-03","Good experience","Negative","CP0952","Eid","Low","Yes","S0952","Budget","2024-10-26","Location","List_4"
"C0954","Rahul Sharma","user954@example.com","+91-9288223723","Male","36-45","Technical Writer","Jamnagar","East","Telangana","Tier 1","Rural","P0954","Camera","Beauty","2024-06-19","70180","UPI","No","PREF0954","SMS","Gujarati","Quarterly","Negative","I0954","Summer Sale","Call","2023-08-19","Successful","F0954","3","2024-10-04","Need improvement","Positive","CP0954","Diwali","Medium","No","S0954","Premium","2024-10-26","Interest","List_1"
"C0955","Vivek Rawat","user955@example.com","+91-7999242232","Female","36-45","Financial Analyst","Durgapur","West","Delhi","Tier 1","Semi-Urban","P0955","Laptop","Beauty","2023-10-30","82678","Net Banking","No","PREF0955","Phone","Telugu","Monthly","Neutral","I0955","Festival Offers","Call","2023-01-05","Pending","F0955","1","2024-05-30","Good experience","Negative","CP0955","Christmas","Low","Yes","S0955","Regular","2024-10-26","Location","List_2"
"C0966","Indira Chari","user966@example.com","+91-8297718423","Female","36-45","Mechanical Technician","Jaipur","West","Karnataka","Tier 1","Semi-Urban","P0966","Smartphone","Beauty","2024-03-29","78214","UPI","Yes","PREF0966","Email","Marathi","Monthly","Neutral","I0966","Republic Day Sale","Email","2024-01-11","Successful","F0966","1","2024-03-27","Need improvement","Neutral","CP0966","Pongal","Low","No","S0966","Premium","2024-10-26","Interest","List_4"
"C0979","Tejas Chhabra","user979@example.com","+91-7094139697","Female","36-45","Radio Jockey","Korba","South","Telangana","Tier 1","Semi-Urban","P0979","Laptop","Electronics","2023-12-29","73499","UPI","Yes","PREF0979","WhatsApp","Tamil","Quarterly","Negative","I0979","New Year Bonanza","Chat","2024-06-23","Pending","F0979","4","2024-06-03","Need improvement","Neutral","CP0979","Diwali","Low","Yes","S0979","Regular","2024-10-26","Age","List_1"
"C0985","Nitin Khanna","user985@example.com","+91-7466692959","Male","36-45","Makeup Artist","Davanagere","West","West Bengal","Tier 3","Semi-Urban","P0985","Smart Watch","Sports","2023-09-22","62365","Credit Card","No","PREF0985","Email","English","Daily","Neutral","I0985","New Year Bonanza","Chat","2023-04-20","Failed","F0985","5","2023-09-16","Good experience","Negative","CP0985","Holi","Medium","Yes","S0985","Budget","2024-10-26","Interest","List_2"
"C0991","Ankit Mehra","user991@example.com","+91-7409464677","Male","36-45","Fashion Designer","Ajmer","South","West Bengal","Tier 2","Urban","P0991","Tablet","Fashion","2024-09-28","57221","Cash on Delivery","No","PREF0991","Phone","Tamil","Monthly","Negative","I0991","New Year Bonanza","Chat","2024-04-12","Pending","F0991","3","2023-09-17","Good experience","Negative","CP0991","Durga Puja","High","Yes","S0991","Budget","2024-10-26","Location","List_2"
"C1000","Asha Joshi","user1000@example.com","+91-7355294738","Male","36-45","Architect","Tirupati","South","Gujarat","Tier 3","Urban","P1000","Smart Watch","Electronics","2023-12-08","2359","Cash on Delivery","Yes","PREF1000","Phone","Tamil","Quarterly","Neutral","I1000","Diwali Special","Chat","2024-06-28","Failed","F1000","4","2023-05-15","Need improvement","Positive","CP1000","Pongal","High","Yes","S1000","Budget","2024-10-26","Interest","List_5"